<?xml version="1.0"?>
<commandcontainer type="scenario" name="Check_app_name.xml" scenariotype="Snippet" screenwidth="1280" screenheight="1024" colordepth="32" lockinput="0" report="1" commandwaittime="1000" excludecommandwaittime="0" referencetime="1000" imgtolerance="0" errorsize="15" projectname="euc workloads v1.2" createdby="rloader001" creationdate="10/18/2021 01:25:10 PM" lastmodifiedby="rloader001" lastmodifieddate="1/10/2023 06:12:10 PM" lastusedid="16733743306580000" scenarioid="1673374330658" sbversion="22.12.1" description="Check and App is running" donotcloseopenedprocesses="1" usecv="0" excelheadersstartrow="1" excelheadersendrow="1" exceldelimiter=":" commentedout="0" id="0" scenariosection="" step="0">
	<errormessage message="%_scenario% Failed at the step number %_step% %_action% %_warning% iteration: %_iteration%" />

	<command type="comment" comment="Check if the supplied app is already running or not" commentedout="0" id="16345635105540003" scenariosection="" step="1">
		<color r="128" g="128" b="128" a="128" />
	</command>
	<command type="windowaction" action="Waitwindow" ocrconfig="0 8 65 32 16 512 128 4 5 50 3 20 15 10 0.85 0 5 15 eng 3 40 300 11 1 1 20 0 " isremote="1" timeout="5000" continueonfail="1" statusvariable="AppRunning" anchorx="Left" anchory="Top" commentedout="0" id="16345635103570003" scenariosection="" step="2">
		<window windowsname="%WindowTitle%" processname="%AppName%" />
		<coords />
		<size />
	
	</command>
	<command type="if" expression="%AppRunning% == FAILURE" showelse="1" commentedout="0" id="16345635105540017" scenariosection="" step="3">
	
		<then commentedout="0" id="16345635105540009" scenariosection="" step="4">
		
			<command type="comment" comment="Time Application launch" commentedout="0" id="16345635105540004" scenariosection="" step="5">
				<color r="128" g="128" b="128" a="128" />
			</command>
			<command type="execute" stylename="pshellcommand" powershellcommand="{{Start-Process &quot;&quot;&quot;}}%AppLocation%{{&quot;&quot;&quot; -WindowStyle Normal}}" execpolicy="Bypass" timeout="10000" statusvariable="ExecMyComponentStatus" isremote="1" commentedout="0" id="16345635105540006" scenariosection="" step="6">
				<expression expression="" />
			
			</command>
			<command type="windowaction" action="resize" ocrconfig="0 8 65 32 16 512 128 4 5 50 3 20 15 10 0.85 0 5 15 eng 3 40 300 11 1 1 20 0 " isremote="1" timeout="10000" statusvariable="ExecMyWindowStatus" anchorx="Left" anchory="Top" commentedout="0" id="16345635109230001" scenariosection="" step="7">
				<window windowsname="%WindowTitle%" processname="%AppName%" />
				<coords />
				<size width="1280" height="1024" />
			
			</command>
			<command type="windowaction" action="move" ocrconfig="0 8 65 32 16 512 128 4 5 50 3 20 15 10 0.85 0 5 15 eng 3 40 300 11 1 1 20 0 " isremote="1" timeout="10000" statusvariable="ExecMyWindowStatus" anchorx="Left" anchory="Top" commentedout="0" id="16345635109230003" scenariosection="" step="8">
				<window windowsname="%WindowTitle%" processname="%AppName%" />
				<coords x="1" y="1" />
				<size />
			
			</command>
			<command type="findbitmap" stylename="find_image_in_active_window" stringtofind="Close" ocrconfig="0 8 65 32 16 512 128 4 5 50 3 20 15 10 0.85 0 5 15 eng 3 40 300 11 1 1 20 0 " timeout="5000" continueonfail="1" percentlinetolerance="5" colortolerance="0" anchorx="Center" anchory="Center" repaction="Page Down" repwait="1" reptimes="0" sleeptime="1000" useanchor="Window" statusvariable="ExecMyImageStatus" usecurrentwindow="1" commentedout="0" id="16345635103570001" scenariosection="Close" step="9">
				<searcharea dx="0" dy="0" />
				<excludearea xstart="0" ystart="0" xend="0" yend="0" />
				<coordvars />
				<window />
				<bitmapname xpos="676" ypos="545" relative_xpos="675" relative_ypos="544" xsize="56" ysize="13">Close(1).bmp</bitmapname>
			
				<command type="moveclickmouse" useanchor="Parent" mousedrag="0" button="Left" action="Click" commentedout="0" id="16345635103570002" scenariosection="" step="10">
					<coords x="0" y="0" dx="0" dy="0" />
				
				</command>
			</command>
			<command type="transaction" name="Start %AppName%" begin="1" referencetime="" report="" uflag="U" commentedout="0" id="16345635105540005" scenariosection="" step="11">
			
			</command>
			<command type="windowaction" action="Waitwindow" ocrconfig="0 8 65 32 16 512 128 4 5 50 3 20 15 10 0.85 0 5 15 eng 3 40 300 11 1 1 20 0 " isremote="1" timeout="5000" continueonfail="1" statusvariable="AppRunning" anchorx="Left" anchory="Top" commentedout="0" id="16345635103570004" scenariosection="" step="12">
				<window windowsname="%WindowTitle%" processname="%AppName%" />
				<coords />
				<size />
			
			</command>
			<command type="transaction" name="Start %AppName%" end="1" referencetime="" report="" uflag="U" commentedout="0" id="16345635105540008" scenariosection="" step="13">
			
			</command>
			<command type="windowaction" action="resize" ocrconfig="0 8 65 32 16 512 128 4 5 50 3 20 15 10 0.85 0 5 15 eng 3 40 300 11 1 1 20 0 " isremote="1" timeout="10000" continueonfail="1" statusvariable="Resize" anchorx="Left" anchory="Top" commentedout="1" id="16345635103570005" scenariosection="" step="14">
				<window windowsname="%WindowTitle%" processname="%AppName%" />
				<coords />
				<size width="800" height="600" />
			
			</command>
		</then>
		<else commentedout="0" id="16345635105540016" scenariosection="" step="15">
		
			<command type="if" expression="%BrowserApp% == 1" showelse="0" commentedout="0" id="16345635109230005" scenariosection="" step="16">
			
				<then commentedout="0" id="16345635109230006" scenariosection="" step="17">
				
					<command type="windowaction" action="Focus" ocrconfig="0 8 65 32 16 512 128 4 5 50 3 20 15 10 0.85 0 5 15 eng 3 40 300 11 1 1 20 1 " timeout="10000" statusvariable="ExecMyWindowStatus" anchorx="Left" anchory="Top" commentedout="0" id="16345635109230004" scenariosection="" step="18">
						<window windowsname="%WindowTitle%" processname="%AppName%" />
						<coords />
						<size />
					
					</command>
				</then>
				<else commentedout="0" id="16345635109230007" scenariosection="" step="19">
				
				</else>
			</command>
		</else>
	</command>

<Usage><commandcontainer type="scenario" name="Check_App.xml"><command type="findbitmap"><bitmapname>%TaskbarImage%</bitmapname></command><command type="findbitmap"><bitmapname>Initiation_Img5_alt2.bmp</bitmapname><bitmapname>Initiation_Img5_alt2_2.bmp</bitmapname></command><command type="findbitmap"><bitmapname>Excel_Taskbar_Icon.bmp</bitmapname></command></commandcontainer></Usage></commandcontainer>