<?xml version="1.0"?>
<commandcontainer type="scenario" name="Citrix Login.xml" scenariotype="Process" colordepth="32" lockinput="0" csvfilename="" report="1" commandwaittime="1000" excludecommandwaittime="0" referencetime="1000" imgtolerance="0" errorsize="15" projectname="euc workloads" createdby="ssun" creationdate="9/7/2020 10:32:17 AM" lastmodifiedby="rloader099" lastmodifieddate="2/10/2023 12:21:34 PM" lastusedid="15942907371990015" scenarioid="1594290737199" sbversion="23.1.1" donotcloseopenedprocesses="1" usecv="0" excelheadersstartrow="1" excelheadersendrow="1" exceldelimiter=":" commentedout="0" id="0" scenariosection="" stepalias="Connect to Citrix" step="0">
	<errormessage message="%_scenario% Failed at the step number %_step% %_action% %_warning% iteration: %_iteration%" />

	<command type="citrixlogin" name="LAB" url="%Citrix_URL%" timeout="10000" citrixusername="%user_name%" citrixpassword="%user_password%" citrixdomain="%user_domain%" continueonfail="0" commentedout="0" id="15942907372520003" scenariosection="" step="1">
	
	</command>
	<command type="citrixlist" name="LAB" timeout="10000" filter="%Citrix_Desktop_Name%" variable="CTXDT" commentedout="0" id="15942907372520004" scenariosection="" step="2">
	
	</command>
	<command type="foreach" tmpvar="Automai" listvar="CTXDT" onfail="exit" commentedout="0" id="15942907372520008" scenariosection="" step="3">
	
		<command type="transaction" name="Logon" begin="1" referencetime="" report="" uflag="U" commentedout="0" id="15942907371990002" step="4" scenariosection="">
		
		</command>
		<command type="citrixlaunch" name="LAB" timeout="360000" resourcevar="Automai" commentedout="0" id="15942907372520005" scenariosection="" step="5">
		
		</command>
		<command type="comment" comment="Citrix Login Time Detection. You are only logged in when the desktop is accessible and working." commentedout="0" id="15942907371990012" step="6" scenariosection="">
			<color r="128" g="128" b="128" a="128" />
		</command>
		<command type="findbitmap" stylename="find_image_in_active_window" timeout="360000" continueonfail="" percentlinetolerance="6" colortolerance="0" anchorx="Center" anchory="Center" repaction="" repwait="1" reptimes="0" sleeptime="1000" balloon="0" useanchor="Window" waittodisappear="0" statusvariable="ExecMyImageStatus" usecurrentwindow="1" commentedout="0" id="15942907371990003" scenariosection="" stepalias="Find the start button and click it" step="7">
			<searcharea xstart="" ystart="" xend="" yend="" dx="" dy="" />
			<excludearea xstart="0" ystart="0" xend="0" yend="0" />
			<coordvars />
			<window />
			<bitmapname xpos="8" ypos="860" relative_xpos="8" relative_ypos="147" xsize="38" ysize="32">Initiation_Img5_alt2.bmp</bitmapname>
		
			<command type="moveclickmouse" useanchor="Parent" mousedrag="0" button="Left" action="Click" commentedout="0" id="15942907371990004" scenariosection="" step="8">
				<coords x="0" y="0" dx="0" dy="0" />
			
			</command>
		</command>
		<command type="findbitmap" stringtofind="" imagetype="button" ocrconfig="0 8 65 32 16 512 128 4 5 50 3 20 15 10 0.85 0 5 15 eng 3 40 300 11 1 1 20 0 " objectwidth="709" objectheight="22" timeout="10000" continueonfail="1" percentlinetolerance="5" colortolerance="0" anchorx="Center" anchory="Center" repaction="Page Down" repwait="1" reptimes="0" sleeptime="1000" useanchor="Parent" statusvariable="StartOpened" commentedout="0" id="15942907371990005" scenariosection="" step="9">
			<searcharea dx="0" dy="0" />
			<excludearea xstart="0" ystart="0" xend="0" yend="0" />
			<coordvars />
			<bitmapname xpos="167" ypos="965" xsize="26" ysize="14">Start_Profile_Img.bmp</bitmapname>
		
		</command>
		<command type="comment" comment="Try the start menu multiple times if it does not work the first time on initial login" commentedout="0" id="15942907371990006" scenariosection="" step="10">
			<color r="128" g="128" b="128" a="128" />
		</command>
		<command type="loop" iterations="5" loopuntil="%StartOpened% == SUCCESS" onfail="" skipexpression="%StartOpened% == SUCCESS" commentedout="0" id="15942907371990007" scenariosection="" step="11">
		
			<command type="moveclickmouse" useanchor="None" mousedrag="0" button="Left" action="Click" commentedout="0" id="15942907371990008" scenariosection="" step="12">
				<coords x="800" y="600" dx="836" dy="607" />
			
			</command>
			<command type="findbitmap" stylename="find_image_in_active_window" timeout="10000" continueonfail="" percentlinetolerance="6" colortolerance="0" anchorx="Center" anchory="Center" repaction="" repwait="1" reptimes="0" sleeptime="1000" balloon="0" useanchor="Window" waittodisappear="0" statusvariable="ExecMyImageStatus" usecurrentwindow="1" commentedout="0" id="15942907371990009" scenariosection="" stepalias="Find the start button and click it, two different variants" step="13">
				<searcharea xstart="" ystart="" xend="" yend="" dx="" dy="" />
				<excludearea xstart="0" ystart="0" xend="0" yend="0" />
				<coordvars />
				<window />
				<bitmapname xsize="29" ysize="24">Initiation_Img5_alt2_2.bmp</bitmapname>
				<bitmapname xpos="8" ypos="860" relative_xpos="8" relative_ypos="147" xsize="38" ysize="32">Initiation_Img5_alt2.bmp</bitmapname>
			
				<command type="moveclickmouse" useanchor="Parent" mousedrag="0" button="Left" action="Click" commentedout="0" id="15942907371990010" scenariosection="" step="14">
					<coords x="0" y="0" dx="0" dy="0" />
				
				</command>
			</command>
			<command type="findbitmap" stringtofind="" imagetype="button" ocrconfig="0 8 65 32 16 512 128 4 5 50 3 20 15 10 0.85 0 5 15 eng 3 40 300 11 1 1 20 0 " objectwidth="709" objectheight="22" timeout="10000" continueonfail="1" percentlinetolerance="5" colortolerance="0" anchorx="Center" anchory="Center" repaction="Page Down" repwait="1" reptimes="0" sleeptime="1000" useanchor="Parent" statusvariable="StartOpened" commentedout="0" id="15942907371990011" scenariosection="" step="15">
				<searcharea dx="0" dy="0" />
				<excludearea xstart="0" ystart="0" xend="0" yend="0" />
				<coordvars />
				<bitmapname xpos="167" ypos="965" xsize="26" ysize="14">Start_Profile_Img.bmp</bitmapname>
			
			</command>
		</command>
		<command type="transaction" name="Logon" end="1" referencetime="" report="" uflag="U" commentedout="0" id="15942907371990013" step="16" scenariosection="">
		
		</command>
		<command type="comment" comment="Click away from the start menu so the test resumes as normal" commentedout="0" id="15942907371990015" scenariosection="" step="17">
			<color r="128" g="128" b="128" a="128" />
		</command>
		<command type="moveclickmouse" useanchor="None" mousedrag="0" button="Left" action="Click" commentedout="0" id="15942907371990014" step="18" scenariosection="">
			<coords x="800" y="800" dx="0" dy="0" />
		
		</command>
	</command>

<Usage><commandcontainer type="scenario" name="Citrix Login.xml" /></Usage></commandcontainer>