<?xml version="1.0"?>
<commandcontainer type="scenario" name="Initiation.xml" scenariotype="Process" colordepth="32" lockinput="0" report="1" commandwaittime="1000" excludecommandwaittime="0" referencetime="1000" imgtolerance="0" errorsize="15" projectname="euc workloads" createdby="automai1" creationdate="6/21/2021 06:34:05 PM" lastmodifiedby="rloader099" lastmodifieddate="3/17/2023 10:59:06 AM" lastusedid="16790507232820001" scenarioid="1679050723282" sbversion="23.3.10" donotcloseopenedprocesses="1" usecv="0" excelheadersstartrow="1" excelheadersendrow="1" exceldelimiter=":" commentedout="0" id="0" scenariosection="" stepalias="Preparation for all settings relevant to the testing scenario" step="0">
	<errormessage message="%_scenario% Failed at the step number %_step% %_action% %_warning% iteration: %_iteration%" />

	<command type="Wait" millisecs="30000" commentedout="1" id="16294009791790001" scenariosection="" step="1">
	
	</command>
	<command type="findbitmap" stylename="find_image_in_active_window" timeout="360000" continueonfail="" percentlinetolerance="6" colortolerance="0" anchorx="Center" anchory="Center" repaction="" repwait="1" reptimes="0" sleeptime="1000" balloon="0" useanchor="Window" waittodisappear="0" statusvariable="ExecMyImageStatus" usecurrentwindow="1" commentedout="0" id="16739864990650019" scenariosection="" stepalias="Find the start button and click it" step="2">
		<searcharea xstart="" ystart="" xend="" yend="" dx="" dy="" />
		<excludearea xstart="0" ystart="0" xend="0" yend="0" />
		<coordvars />
		<window />
		<bitmapname xpos="8" ypos="860" relative_xpos="8" relative_ypos="147" xsize="38" ysize="32">Initiation_Img5_alt2.bmp</bitmapname>
	
		<command type="moveclickmouse" useanchor="Parent" mousedrag="0" button="Left" action="Click" commentedout="0" id="16739864990650020" scenariosection="" step="3">
			<coords x="0" y="0" dx="0" dy="0" />
		
		</command>
	</command>
	<command type="findbitmap" stringtofind="" imagetype="button" ocrconfig="0 8 65 32 16 512 128 4 5 50 3 20 15 10 0.85 0 5 15 eng 3 40 300 11 1 1 20 0 " objectwidth="709" objectheight="22" timeout="10000" continueonfail="1" percentlinetolerance="5" colortolerance="0" anchorx="Center" anchory="Center" repaction="Page Down" repwait="1" reptimes="0" sleeptime="1000" useanchor="Parent" statusvariable="StartOpened" commentedout="0" id="16739864990650002" scenariosection="" step="4">
		<searcharea dx="0" dy="0" />
		<excludearea xstart="0" ystart="0" xend="0" yend="0" />
		<coordvars />
		<bitmapname xpos="167" ypos="965" xsize="26" ysize="14">Start_Profile_Img.bmp</bitmapname>
	
	</command>
	<command type="comment" comment="Try the start menu multiple times if it does not work the first time on initial login" commentedout="0" id="16739864990650013" scenariosection="" step="5">
		<color r="128" g="128" b="128" a="128" />
	</command>
	<command type="loop" iterations="5" loopuntil="%StartOpened% == SUCCESS" onfail="" skipexpression="%StartOpened% == SUCCESS" commentedout="0" id="16739864990650009" scenariosection="" step="6">
	
		<command type="moveclickmouse" useanchor="None" mousedrag="0" button="Left" action="Click" commentedout="0" id="16739864990650025" scenariosection="" step="7">
			<coords x="800" y="600" dx="836" dy="607" />
		
		</command>
		<command type="findbitmap" stylename="find_image_in_active_window" timeout="10000" continueonfail="" percentlinetolerance="6" colortolerance="0" anchorx="Center" anchory="Center" repaction="" repwait="1" reptimes="0" sleeptime="1000" balloon="0" useanchor="Window" waittodisappear="0" statusvariable="ExecMyImageStatus" usecurrentwindow="1" commentedout="0" id="16739864990650021" scenariosection="" stepalias="Find the start button and click it, two different variants" step="8">
			<searcharea xstart="" ystart="" xend="" yend="" dx="" dy="" />
			<excludearea xstart="0" ystart="0" xend="0" yend="0" />
			<coordvars />
			<window />
			<bitmapname xsize="29" ysize="24">Initiation_Img5_alt2_2.bmp</bitmapname>
			<bitmapname xpos="8" ypos="860" relative_xpos="8" relative_ypos="147" xsize="38" ysize="32">Initiation_Img5_alt2.bmp</bitmapname>
		
			<command type="moveclickmouse" useanchor="Parent" mousedrag="0" button="Left" action="Click" commentedout="0" id="16739864990650022" scenariosection="" step="9">
				<coords x="0" y="0" dx="0" dy="0" />
			
			</command>
		</command>
		<command type="findbitmap" stringtofind="" imagetype="button" ocrconfig="0 8 65 32 16 512 128 4 5 50 3 20 15 10 0.85 0 5 15 eng 3 40 300 11 1 1 20 0 " objectwidth="709" objectheight="22" timeout="10000" continueonfail="1" percentlinetolerance="5" colortolerance="0" anchorx="Center" anchory="Center" repaction="Page Down" repwait="1" reptimes="0" sleeptime="1000" useanchor="Parent" statusvariable="StartOpened" commentedout="0" id="16739864990650012" scenariosection="" step="10">
			<searcharea dx="0" dy="0" />
			<excludearea xstart="0" ystart="0" xend="0" yend="0" />
			<coordvars />
			<bitmapname xpos="167" ypos="965" xsize="26" ysize="14">Start_Profile_Img.bmp</bitmapname>
		
		</command>
	</command>
	<command type="keyboardtypetext" encrypted="" timeout="" advancedfind="" delay="" cleanup="1" commentedout="0" id="16243056391120011" scenariosection="" stepalias="Type the command defined earlier for powershell" step="11">
		<text>%Powershell_Path%</text>
		<window />
		<key />
	
	</command>
	<command type="keyboardkey" action="Press" timeout="10000" commentedout="0" id="16243056391120012" scenariosection="" stepalias="Press enter" step="12">
		<key key1="Enter" />
		<window />
	
	</command>
	<command type="findbitmap" stylename="find_image_in_active_window" timeout="10000" continueonfail="" percentlinetolerance="10" colortolerance="0" anchorx="Center" anchory="Center" repaction="Page Down" repwait="1" reptimes="0" sleeptime="1000" useanchor="Window" waittodisappear="0" statusvariable="ExecMyImageStatus" usecurrentwindow="1" commentedout="0" id="16243056391120030" scenariosection="" stepalias="Click on the powershell window that just opened" step="13">
		<searcharea xstart="" ystart="" xend="" yend="" dx="" dy="" />
		<excludearea xstart="0" ystart="0" xend="0" yend="0" />
		<coordvars />
		<window />
		<bitmapname xpos="114" ypos="81" xsize="148" ysize="27">Initiation_Img11.bmp</bitmapname>
	
		<command type="keyboardtypetext" encrypted="" timeout="" advancedfind="" delay="" cleanup="1" commentedout="0" id="16354377511120018" scenariosection="" stepalias="Start a powershell transcript to log the output" step="14">
			<text>Start-Process -FilePath "%AIChannel_Folder%\AIChannel.exe"</text>
			<window />
			<key />
		
		</command>
		<command type="keyboardkey" action="Press" timeout="10000" commentedout="0" id="16243056391120038" scenariosection="" stepalias="Press enter" step="15">
			<key key1="Enter" />
			<window />
		
		</command>
		<command type="aichannel" ctype="CITRIX FULL SCREEN" cpath="%AIChannel_Folder%" remoteinitid="%user_name%" timeout="10000" commentedout="0" id="16354377511120025" scenariosection="" stepalias="Initiate AI Channel" step="16">
		
		</command>
		<command type="windowaction" action="Close" ocrconfig="0 8 65 32 16 512 128 4 5 50 3 20 15 10 0.85 0 5 15 eng 3 40 300 11 1 1 20 1 " isremote="1" timeout="10000" continueonfail="1" statusvariable="ExecMyWindowStatus" anchorx="Left" anchory="Top" commentedout="0" id="16705974658870002" scenariosection="" step="17">
			<window windowsname="PowerShell" processname="PowerShell" />
			<coords />
			<size />
		
		</command>
		<command type="execute" stylename="pshellcommand" powershellcommand="{{New-Item $(&quot;&quot;&quot;$env:userprofile\Automai&quot;&quot;&quot;) -ItemType Directory -Force}}" execpolicy="Bypass" isremote="1" timeout="10000" statusvariable="ExecMyComponentStatus" commentedout="0" id="16511416275900005" scenariosection="" step="18">
		
		</command>
		<command type="execute" stylename="pshellcommand" powershellcommand="{{Expand-Archive -Path &quot;&quot;&quot;}}%Content_Zip%{{&quot;&quot;&quot; -DestinationPath $(&quot;&quot;&quot;$env:userprofile\Automai&quot;&quot;&quot;) -Force}}" execpolicy="Bypass" isremote="1" timeout="10000" statusvariable="ExecMyComponentStatus" commentedout="0" id="16790507232820001" scenariosection="" step="19">
		
		</command>
		<command type="if" expression="%Outlook_Mode% == O365" showelse="0" commentedout="0" id="16354377511120001" scenariosection="" stepalias="If the environment type set matches the environment type of the command run it" step="20">
		
			<then commentedout="0" id="16354377511120002" scenariosection="" step="21">
			
				<command type="execute" stylename="pshellcommand" powershellcommand="{{&amp; &quot;&quot;&quot;$($env:userprofile)\Automai\content\ALLO365.ps1&quot;&quot;&quot;}}" execpolicy="Bypass" workingfolder="" isremote="1" timeout="30000" statusvariable="ExecMyComponentStatus" commentedout="0" id="16511416275900019" scenariosection="" step="22">
				
				</command>
			</then>
			<else commentedout="0" id="16354377511120011" scenariosection="" step="23">
			
			</else>
		</command>
		<command type="if" expression="%Outlook_Mode% == PST" showelse="0" commentedout="0" id="16354377511120012" scenariosection="" stepalias="If the environment type set matches the environment type of the command run it" step="24">
		
			<then commentedout="0" id="16354377511120013" scenariosection="" step="25">
			
				<command type="execute" stylename="pshellcommand" powershellcommand="{{&amp; &quot;&quot;&quot;$($env:userprofile)\Automai\content\ALLPST.ps1&quot;&quot;&quot;}}" execpolicy="Bypass" workingfolder="" isremote="1" timeout="30000" statusvariable="ExecMyComponentStatus" commentedout="0" id="16511416275900020" scenariosection="" step="26">
					<expression expression="#result#" />
				
				</command>
			</then>
			<else commentedout="0" id="16354377511120014" scenariosection="" step="27">
			
			</else>
		</command>
	</command>

<Usage><commandcontainer type="scenario" name="Initiation.xml" /></Usage></commandcontainer>