<?xml version="1.0"?>
<commandcontainer type="scenario" name="MS Excel.xml" scenariotype="Process" screenwidth="1280" screenheight="1024" colordepth="32" lockinput="0" report="1" commandwaittime="1000" excludecommandwaittime="0" referencetime="1000" imgtolerance="0" errorsize="15" projectname="euc workloads v1.2" createdby="rloader001" creationdate="9/16/2021 12:13:18 PM" lastmodifiedby="rloader001" lastmodifieddate="1/6/2023 02:55:42 PM" lastusedid="16730114793380005" scenarioid="1673011479338" sbversion="22.12.1" donotcloseopenedprocesses="1" usecv="0" excelheadersstartrow="1" excelheadersendrow="1" exceldelimiter=":" commentedout="0" id="0" scenariosection="" step="0">
	<errormessage message="%_scenario% Failed at the step number %_step% %_action% %_warning% iteration: %_iteration%" />

	<command type="transaction" name="Open Excel" begin="1" referencetime="" report="" uflag="U" commentedout="0" id="16523028680360001" scenariosection="" step="1">
	
	</command>
	<command type="playscenario" stylename="playsnippet" scenariotype="Snippet" filename="Check_app_name.xml" continueonfail="" statusvariable="Is_App_Running" commentedout="0" id="16317943988820001" scenariosection="" stepalias="Check if EXCEL is running and launch it" step="2">
		<variable1 variable="WindowTitle" vartype="String" expression="Excel"></variable1>
		<variable2 variable="AppName" vartype="String" expression="EXCEL"></variable2>
		<variable3 variable="AppLocation" vartype="String" expression="%Excel_Location%"></variable3>
		<variable4 variable="" vartype="Image" xsize="23" ysize="13"></variable4>
		<variable5 vartype="Image"></variable5>
		<variable6 vartype="Image"></variable6>
		<variable7 vartype="String"></variable7>
		<variable8 vartype="String"></variable8>
		<variable9 vartype="String"></variable9>
		<variable10 vartype="Image"></variable10>
	
	</command>
	<command type="transaction" name="Open Excel" end="1" referencetime="" report="" uflag="U" commentedout="0" id="16317944018490036" scenariosection="" step="3">
	
	</command>
	<command type="comment" comment="If office is in test mode we need to skip the sign-in dialog" commentedout="0" id="16728320331530005" scenariosection="" step="4">
		<color r="128" g="128" b="128" a="128" />
	</command>
	<command type="if" expression="%Office_In_Test_Mode% == 1" showelse="0" commentedout="0" id="16728320331530006" scenariosection="" step="5">
	
		<then commentedout="0" id="16728320331530007" scenariosection="" step="6">
		
			<command type="findbitmap" ocrconfig="0 8 65 32 16 512 128 4 5 50 3 20 15 10 0.85 0 5 15 eng 3 40 300 11 1 1 20 1 " timeout="5000" continueonfail="1" percentlinetolerance="5" colortolerance="0" anchorx="Center" anchory="Center" repaction="Page Down" repwait="1" reptimes="0" sleeptime="1000" useanchor="None" statusvariable="FoundSignIn" commentedout="0" id="16730114793380001" scenariosection="" step="7">
				<searcharea dx="0" dy="0" />
				<excludearea xstart="0" ystart="0" xend="0" yend="0" />
				<coordvars />
				<bitmapname xpos="500" ypos="304" xsize="14" ysize="10">MS_Logo_SignIn_Office.bmp</bitmapname>
			
			</command>
			<command type="if" expression="%FoundSignIn% ==SUCCESS " showelse="0" commentedout="0" id="16730114793380002" scenariosection="" step="8">
			
				<then commentedout="0" id="16730114793380003" scenariosection="" step="9">
				
					<command type="keyboardkey" action="Press" isremote="0" timeout="10000" commentedout="0" id="16730114793380004" scenariosection="" step="10">
						<key key1="Esc" />
						<window />
					
					</command>
				</then>
				<else commentedout="0" id="16730114793380005" scenariosection="" step="11">
				
				</else>
			</command>
		</then>
		<else commentedout="0" id="16728320331530013" scenariosection="" step="12">
		
		</else>
	</command>
	<command type="findbitmap" stylename="find_image_in_active_window" stringtofind="Home" ocrconfig="0 8 65 32 16 512 128 4 5 50 3 20 15 10 0.85 0 5 15 eng 3 40 300 11 1 1 20 0 " timeout="10000" continueonfail="1" percentlinetolerance="5" colortolerance="0" anchorx="Center" anchory="Center" repaction="Page Down" repwait="1" reptimes="0" sleeptime="1000" useanchor="Window" statusvariable="ExecMyImageStatus" usecurrentwindow="1" commentedout="0" id="16317943988700003" scenariosection="(7 Home" step="13">
		<searcharea dx="0" dy="0" />
		<excludearea xstart="0" ystart="0" xend="0" yend="0" />
		<coordvars />
		<window />
		<bitmapname xpos="21" ypos="120" relative_xpos="20" relative_ypos="119" xsize="71" ysize="17">(7 Home.bmp</bitmapname>
		<bitmapname xpos="33" ypos="116" relative_xpos="32" relative_ypos="115" xsize="76" ysize="66">MS_Excel_Home2.bmp</bitmapname>
		<bitmapname xpos="51" ypos="89" relative_xpos="50" relative_ypos="88" xsize="58" ysize="70">MS_Excel_Home3.bmp</bitmapname>
	
		<command type="moveclickmouse" useanchor="Parent" mousedrag="0" button="Left" action="Click" commentedout="0" id="16317943988700004" scenariosection="" step="14">
			<coords x="0" y="0" dx="0" dy="0" />
		
		</command>
	</command>
	<command type="findbitmap" stylename="find_image_in_active_window" stringtofind="Browse" ocrconfig="0 8 65 32 16 512 128 4 5 50 3 20 15 10 0.85 0 5 15 eng 3 40 300 11 1 1 20 1 " timeout="5000" continueonfail="" percentlinetolerance="5" colortolerance="0" anchorx="Center" anchory="Center" repaction="Page Down" repwait="1" reptimes="0" sleeptime="1000" useanchor="Window" statusvariable="ExecMyImageStatus" usecurrentwindow="1" commentedout="0" id="16317943988820012" scenariosection="B Browse" step="15">
		<searcharea dx="0" dy="0" />
		<excludearea xstart="0" ystart="0" xend="0" yend="0" />
		<coordvars />
		<window />
		<bitmapname xpos="232" ypos="431" relative_xpos="180" relative_ypos="379" xsize="118" ysize="26">B Browse.bmp</bitmapname>
		<bitmapname xpos="31" ypos="323" relative_xpos="30" relative_ypos="322" xsize="82" ysize="93">MS_Excel_Open.bmp</bitmapname>
		<bitmapname xpos="31" ypos="357" relative_xpos="30" relative_ypos="356" xsize="76" ysize="79">MSExcel_Open_2.bmp</bitmapname>
	
		<command type="moveclickmouse" useanchor="Parent" mousedrag="0" button="Left" action="Click" commentedout="0" id="16317943988820013" scenariosection="" step="16">
			<coords x="0" y="0" dx="0" dy="0" />
		
		</command>
	</command>
	<command type="findbitmap" stylename="find_image_in_active_window" stringtofind="Browse" ocrconfig="0 8 65 32 16 512 128 4 5 50 3 20 15 10 0.85 0 5 15 eng 3 40 300 11 1 1 20 0 " timeout="5000" continueonfail="1" percentlinetolerance="5" colortolerance="0" anchorx="Center" anchory="Center" repaction="Page Down" repwait="1" reptimes="0" sleeptime="1000" useanchor="Window" statusvariable="ExecMyImageStatus" usecurrentwindow="1" commentedout="0" id="16707900576840001" scenariosection="(7 Home" step="17">
		<searcharea dx="0" dy="0" />
		<excludearea xstart="0" ystart="0" xend="0" yend="0" />
		<coordvars />
		<window />
		<bitmapname xpos="170" ypos="508" relative_xpos="169" relative_ypos="507" xsize="127" ysize="29">MS_Excel_Browser.bmp</bitmapname>
	
		<command type="moveclickmouse" useanchor="Parent" mousedrag="0" button="Left" action="Click" commentedout="0" id="16707900576840002" scenariosection="" step="18">
			<coords x="0" y="0" dx="0" dy="0" />
		
		</command>
		<command type="keyboardtypetext" encrypted="" isremote="1" timeout="" advancedfind="" delay="" cleanup="1" commentedout="0" id="16317943988820014" scenariosection="" step="19">
			<text>{{%userprofile%}}\Automai\Content\Sample_Sales Records_xlsx.xlsx</text>
			<window />
			<key />
		
		</command>
		<command type="keyboardkey" action="Press" isremote="1" timeout="10000" commentedout="0" id="16707900576840003" scenariosection="" step="20">
			<key key1="Enter" />
			<window />
		
		</command>
	</command>
	<command type="findbitmap" stylename="find_image_in_active_window" stringtofind="A" ocrconfig="0 8 65 32 16 512 128 4 5 50 3 20 15 10 0.85 0 5 15 eng 3 40 300 11 1 1 20 0 " objectindex="17" timeout="10000" continueonfail="" percentlinetolerance="5" colortolerance="0" anchorx="Center" anchory="Center" repaction="Page Down" repwait="1" reptimes="0" sleeptime="1000" useanchor="Window" statusvariable="ExecMyImageStatus" usecurrentwindow="1" commentedout="0" id="16317943985610001" scenariosection="" step="21">
		<searcharea dx="0" dy="0" />
		<excludearea xstart="0" ystart="0" xend="0" yend="0" />
		<coordvars />
		<window />
		<bitmapname xsize="46" ysize="18">MS Excel Sales_Img28_1.bmp</bitmapname>
		<bitmapname xpos="123" ypos="219" relative_xpos="122" relative_ypos="218" xsize="28" ysize="16">MS Excel_Open Excel File_A.bmp</bitmapname>
	
		<command type="moveclickmouse" useanchor="Parent" mousedrag="0" button="Left" action="Click" commentedout="0" id="16397377818350003" scenariosection="" step="22">
			<coords x="0" y="0" dx="0" dy="0" />
		
		</command>
	</command>
	<command type="findbitmap" stylename="find_image_in_active_window" stringtofind="Insert" imagetype="topLabel" ocrconfig="0 8 65 32 16 512 128 4 5 50 3 20 15 10 0.85 0 5 15 eng 3 40 300 11 1 1 20 0 " timeout="10000" continueonfail="" percentlinetolerance="5" colortolerance="0" anchorx="Center" anchory="Center" repaction="Page Down" repwait="1" reptimes="0" sleeptime="1000" useanchor="Window" statusvariable="ExecMyImageStatus" usecurrentwindow="1" commentedout="0" id="16317943985610007" scenariosection="" step="23">
		<searcharea dx="0" dy="0" />
		<excludearea xstart="0" ystart="0" xend="0" yend="0" />
		<coordvars />
		<window />
		<bitmapname xpos="125" ypos="41" relative_xpos="124" relative_ypos="40" xsize="54" ysize="18">MS Excel Sales_Img31(1).bmp</bitmapname>
	
		<command type="moveclickmouse" useanchor="Parent" mousedrag="0" button="Left" action="Click" commentedout="0" id="16321535866010013" scenariosection="" step="24">
			<coords x="00" y="00" dx="0" dy="0" />
		
		</command>
	</command>
	<command type="findbitmap" stylename="find_image_in_active_window" stringtofind="" imagetype="topLabel" ocrconfig="0 8 65 32 16 512 128 4 5 50 3 20 15 10 0.85 0 5 15 eng 3 40 300 11 1 1 20 0 " objectindex="17" timeout="10000" continueonfail="" percentlinetolerance="5" colortolerance="0" anchorx="Center" anchory="Center" repaction="Page Down" repwait="1" reptimes="0" sleeptime="1000" useanchor="Window" statusvariable="ExecMyImageStatus" usecurrentwindow="1" commentedout="0" id="16317943985610008" scenariosection="" step="25">
		<searcharea dx="0" dy="0" />
		<excludearea xstart="0" ystart="0" xend="0" yend="0" />
		<coordvars />
		<window />
		<bitmapname xpos="517" ypos="88" relative_xpos="516" relative_ypos="87" xsize="39" ysize="24">MS Excel Sales_Img32(1).bmp</bitmapname>
		<bitmapname xpos="450" ypos="107" relative_xpos="449" relative_ypos="106" xsize="23" ysize="22">MS Excel_Graph_Dropdown.bmp</bitmapname>
	
		<command type="moveclickmouse" useanchor="Parent" mousedrag="0" button="Left" action="Click" commentedout="0" id="16321535866010015" scenariosection="" step="26">
			<coords x="512" y="99" dx="0" dy="0" />
		
		</command>
	</command>
	<command type="findbitmap" stylename="find_image_in_active_window" imagetype="wordsIn" ocrconfig="0 8 65 32 16 512 128 4 5 50 3 20 15 10 0.85 0 5 15 eng 3 40 300 11 1 1 20 0 " timeout="10000" continueonfail="" percentlinetolerance="5" colortolerance="0" anchorx="Center" anchory="Center" repaction="Page Down" repwait="1" reptimes="0" sleeptime="1000" useanchor="Window" statusvariable="ExecMyImageStatus" usecurrentwindow="1" commentedout="0" id="16317943985610009" scenariosection="" step="27">
		<searcharea dx="0" dy="0" />
		<excludearea xstart="0" ystart="0" xend="0" yend="0" />
		<coordvars />
		<window />
		<bitmapname xpos="524" ypos="146" relative_xpos="4" relative_ypos="33" xsize="54" ysize="51">MS Excel Sales_Img33_alt2(1).bmp</bitmapname>
	
		<command type="moveclickmouse" useanchor="Parent" mousedrag="0" button="Left" action="Click" commentedout="0" id="16317943985610010" scenariosection="" step="28">
			<coords x="512" y="99" dx="0" dy="0" />
		
		</command>
	</command>
	<command type="findbitmap" stylename="find_image_in_active_window" stringtofind="SelectData" imagetype="leftLabel" objectwidth="63" objectheight="19" ocrconfig="0 8 65 32 16 512 128 4 5 50 3 20 15 10 0.85 0 5 15 eng 3 40 300 11 1 1 20 0 " objectindex="13" timeout="10000" continueonfail="" percentlinetolerance="5" colortolerance="0" anchorx="Center" anchory="Center" repaction="Page Down" repwait="1" reptimes="0" sleeptime="1000" useanchor="Window" statusvariable="ExecMyImageStatus" usecurrentwindow="1" commentedout="0" id="16317943985610011" scenariosection="5SelectData" step="29">
		<searcharea dx="0" dy="0" />
		<excludearea xstart="0" ystart="0" xend="0" yend="0" />
		<coordvars />
		<window />
		<bitmapname xpos="1000" ypos="68" relative_xpos="999" relative_ypos="67" xsize="44" ysize="72">5SelectData.bmp</bitmapname>
		<bitmapname xpos="1019" ypos="84" relative_xpos="1018" relative_ypos="83" xsize="40" ysize="72">MS_Excel_SelecthData2.bmp</bitmapname>
	
		<command type="moveclickmouse" useanchor="Parent" mousedrag="0" button="Left" action="Click" commentedout="0" id="16317943985610012" scenariosection="" step="30">
			<coords x="512" y="99" dx="0" dy="0" />
		
		</command>
	</command>
	<command type="keyboardkey" action="Press" isremote="1" timeout="10000" commentedout="0" id="16317943985610013" scenariosection="" step="31">
		<key key1="BACKSPACE" />
		<window />
	
	</command>
	<command type="keyboardtypetext" encrypted="" isremote="1" timeout="" advancedfind="" delay="" cleanup="1" commentedout="0" id="16317943985610014" scenariosection="" step="32">
		<text>='Sample_Sales Records'!$A:$A,'Sample_Sales Records'!$L:$L,'Sample_Sales Records'!$N:$N</text>
		<window />
		<key />
	
	</command>
	<command type="findbitmap" stylename="find_image_in_active_window" stringtofind="OK" imagetype="topLabel" objectwidth="280" objectheight="84" ocrconfig="0 8 65 32 16 512 128 4 5 50 3 20 15 10 0.85 0 5 15 eng 3 40 300 11 1 1 20 0 " objectindex="0" timeout="10000" continueonfail="" percentlinetolerance="5" colortolerance="0" anchorx="Center" anchory="Center" repaction="Page Down" repwait="1" reptimes="0" sleeptime="1000" useanchor="Window" statusvariable="ExecMyImageStatus" usecurrentwindow="1" commentedout="0" id="16317943985610015" scenariosection="I OK" step="33">
		<searcharea dx="0" dy="0" />
		<excludearea xstart="59" ystart="13" xend="63" yend="13" />
		<coordvars />
		<window />
		<bitmapname xpos="772" ypos="494" relative_xpos="431" relative_ypos="295" xsize="67" ysize="17">I OK.bmp</bitmapname>
	
		<command type="moveclickmouse" useanchor="Parent" mousedrag="0" button="Left" action="Click" commentedout="0" id="16317943985610016" scenariosection="" step="34">
			<coords x="512" y="99" dx="0" dy="0" />
		
		</command>
	</command>
	<command type="Wait" millisecs="5000" commentedout="0" id="16317943989930009" scenariosection="" step="35">
	
	</command>
	<command type="keyboardkey" action="Combination" isremote="1" timeout="10000" commentedout="0" id="16321535866010018" scenariosection="" step="36">
		<key key1="CTRL" key2="x" />
		<window />
	
	</command>
	<command type="findbitmap" stylename="find_image_in_active_window" stringtofind="" ocrconfig="0 8 65 32 16 512 128 4 5 50 3 20 15 10 0.85 0 5 15 eng 3 40 300 11 1 1 20 0 " objectindex="248" timeout="10000" continueonfail="" percentlinetolerance="5" colortolerance="0" anchorx="Center" anchory="Center" repaction="Page Down" repwait="1" reptimes="0" sleeptime="1000" useanchor="Window" statusvariable="ExecMyImageStatus" usecurrentwindow="1" commentedout="0" id="16317943985610017" scenariosection="MS Excel_Img3" step="37">
		<searcharea dx="0" dy="0" />
		<excludearea xstart="0" ystart="0" xend="0" yend="0" />
		<coordvars />
		<window />
		<bitmapname xpos="281" ypos="620" relative_xpos="280" relative_ypos="619" xsize="38" ysize="19">MS Excel_Img3.bmp</bitmapname>
		<bitmapname xpos="312" ypos="939" relative_xpos="311" relative_ypos="938" xsize="23" ysize="16">MS Excel_New_Sheet_2.bmp</bitmapname>
	
		<command type="moveclickmouse" useanchor="Parent" mousedrag="0" button="Left" action="Click" commentedout="0" id="16321535866010020" scenariosection="" step="38">
			<coords x="299" y="824" dx="0" dy="0" />
		
		</command>
	</command>
	<command type="keyboardkey" action="Combination" isremote="1" timeout="10000" commentedout="0" id="16321535866010021" scenariosection="" step="39">
		<key key1="CTRL" key2="v" />
		<window />
	
	</command>
	<command type="findbitmap" stylename="find_image_in_active_window" stringtofind="Format" imagetype="topLabel" objectwidth="478" objectheight="286" ocrconfig="0 8 65 32 16 512 128 4 5 50 3 20 15 10 0.85 0 5 15 eng 3 40 300 11 1 1 20 0 " objectindex="0" timeout="10000" continueonfail="" percentlinetolerance="5" colortolerance="0" anchorx="Center" anchory="Center" repaction="Page Down" repwait="1" reptimes="0" sleeptime="1000" useanchor="Window" statusvariable="ExecMyImageStatus" usecurrentwindow="1" commentedout="0" id="16317943985610018" scenariosection="Format" step="40">
		<searcharea dx="0" dy="0" />
		<excludearea xstart="0" ystart="0" xend="0" yend="0" />
		<coordvars />
		<window />
		<bitmapname xpos="715" ypos="38" relative_xpos="714" relative_ypos="37" xsize="57" ysize="20">Format.bmp</bitmapname>
	
		<command type="moveclickmouse" useanchor="Parent" mousedrag="0" button="Left" action="Click" commentedout="0" id="16707900576840007" scenariosection="" step="41">
			<coords x="299" y="824" dx="0" dy="0" />
		
		</command>
	</command>
	<command type="findbitmap" stylename="find_image_in_active_window" imagetype="topLabel" objectwidth="1023" objectheight="24" ocrconfig="0 8 65 32 16 512 128 4 5 50 3 20 15 10 0.85 0 5 15 eng 3 40 300 11 1 1 20 0 " objectindex="0" timeout="10000" continueonfail="" percentlinetolerance="5" colortolerance="0" anchorx="Center" anchory="Center" repaction="Page Down" repwait="1" reptimes="0" sleeptime="1000" useanchor="Window" advancedcap="0" statusvariable="" usecurrentwindow="1" commentedout="0" id="16317943985610020" scenariosection="apes" step="42">
		<searcharea dx="0" dy="0" />
		<excludearea xstart="0" ystart="0" xend="0" yend="0" />
		<coordvars />
		<window />
		<bitmapname xpos="1152" ypos="78" relative_xpos="1151" relative_ypos="77" xsize="26" ysize="21">apes.bmp</bitmapname>
	
		<command type="moveclickmouse" useanchor="Parent" mousedrag="0" button="Left" action="Click" commentedout="0" id="16317943985610022" scenariosection="" step="43">
			<coords x="1191" y="80" dx="100" dy="5" />
		
		</command>
		<command type="keyboardtypetext" encrypted="" isremote="0" timeout="" advancedfind="" delay="" cleanup="1" commentedout="0" id="16317943985610021" scenariosection="" step="44">
			<text>10</text>
			<window />
			<key key1="Enter" action1="Press" />
		
		</command>
	</command>
	<command type="findbitmap" stylename="find_image_in_active_window" imagetype="topLabel" ocrconfig="0 8 65 32 16 512 128 4 5 50 3 20 15 10 0.85 0 5 15 eng 3 40 300 11 1 1 20 1 " timeout="10000" continueonfail="" percentlinetolerance="5" colortolerance="0" anchorx="Center" anchory="Center" repaction="Page Down" repwait="1" reptimes="0" sleeptime="1000" useanchor="Window" statusvariable="" usecurrentwindow="1" commentedout="0" id="16317943985610023" scenariosection="" step="45">
		<searcharea dx="0" dy="0" />
		<excludearea xstart="0" ystart="0" xend="0" yend="0" />
		<coordvars />
		<window />
		<bitmapname xsize="20" ysize="20">Excel_GraphX.bmp</bitmapname>
		<bitmapname xpos="1448" ypos="107" relative_xpos="1447" relative_ypos="106" xsize="20" ysize="27">MS_Excel_Chart_Width.bmp</bitmapname>
	
		<command type="moveclickmouse" useanchor="Parent" mousedrag="0" button="Left" action="Click" commentedout="0" id="16317943985610025" scenariosection="" step="46">
			<coords x="1190" y="115" dx="100" dy="5" />
		
		</command>
		<command type="keyboardtypetext" encrypted="" isremote="0" timeout="" advancedfind="" delay="" cleanup="1" commentedout="0" id="16728320331530004" scenariosection="" step="47">
			<text>30</text>
			<window />
			<key key1="Enter" action1="Press" />
		
		</command>
	</command>
	<command type="if" expression="%CloseExcel_OnEnd%  == 1" showelse="0" commentedout="0" id="16317943988820002" scenariosection="" step="48">
	
		<then commentedout="0" id="16317943988820003" scenariosection="" step="49">
		
			<command type="playscenario" stylename="playsnippet" scenariotype="Snippet" filename="Close_App_Name.xml" continueonfail="" statusvariable="App_Closed" commentedout="0" id="16317943988820004" scenariosection="" stepalias="If EXCEL is open close it" step="50">
				<variable1 variable="WindowTitle" vartype="String" expression="EXCEL"></variable1>
				<variable2 variable="AppName" vartype="String" expression="EXCEL"></variable2>
				<variable3 vartype="String"></variable3>
				<variable4 variable="" vartype="Image" xsize="23" ysize="13"></variable4>
				<variable5 variable="DontSaveButton" vartype="Image" xsize="71" ysize="20">Dont Save(1).bmp</variable5>
				<variable6 vartype="Image"></variable6>
				<variable7 vartype="String"></variable7>
				<variable8 vartype="String"></variable8>
				<variable9 vartype="String"></variable9>
				<variable10 vartype="Image"></variable10>
			
			</command>
		</then>
		<else commentedout="0" id="16317943988820005" scenariosection="" step="51">
		
		</else>
	</command>

<Usage><commandcontainer type="scenario" name="Excel Sales.xml" /></Usage></commandcontainer>