<?xml version="1.0"?>
<commandcontainer type="scenario" name="MS Outlook - New.xml" scenariotype="Process" screenwidth="1280" screenheight="1024" colordepth="32" lockinput="0" report="1" commandwaittime="1000" excludecommandwaittime="0" referencetime="1000" imgtolerance="0" errorsize="15" projectname="euc workloads v1.2" createdby="ssun" creationdate="8/24/2020 01:22:10 PM" lastmodifiedby="rloader001" lastmodifieddate="1/6/2023 02:55:41 PM" lastusedid="16730154121490004" scenarioid="1673015412149" sbversion="22.12.1" donotcloseopenedprocesses="1" usecv="0" excelheadersstartrow="1" excelheadersendrow="1" exceldelimiter=":" commentedout="0" id="0" scenariosection="" step="0">
	<errormessage message="%_scenario% Failed at the step number %_step% %_action% %_warning% iteration: %_iteration%" />

	<command type="transaction" name="Open Outlook" begin="1" referencetime="" report="" uflag="U" commentedout="0" id="16488455703430014" scenariosection="" step="1">
	
	</command>
	<command type="playscenario" stylename="playsnippet" scenariotype="Snippet" filename="Check_app_name.xml" continueonfail="" statusvariable="Is_App_Running" commentedout="0" id="15982753305040001" scenariosection="" stepalias="Check if MS OUTLOOK is running and launch it" step="2">
		<variable1 variable="WindowTitle" vartype="String" expression="OUTLOOK"></variable1>
		<variable2 variable="AppName" vartype="String" expression="OUTLOOK"></variable2>
		<variable3 variable="AppLocation" vartype="String" expression="%Outlook_Location%"></variable3>
		<variable4 variable="" vartype="Image" xsize="23" ysize="13"></variable4>
		<variable5 vartype="Image"></variable5>
		<variable6 vartype="Image"></variable6>
		<variable7 vartype="String"></variable7>
		<variable8 vartype="String"></variable8>
		<variable9 vartype="String"></variable9>
		<variable10 vartype="Image"></variable10>
	
	</command>
	<command type="transaction" name="Open Outlook" end="1" referencetime="" report="" uflag="U" commentedout="0" id="16488455703430015" scenariosection="" step="3">
	
	</command>
	<command type="comment" comment="If office is in test mode we need to skip the sign-in dialog" commentedout="0" id="15982753307860001" scenariosection="" step="4">
		<color r="128" g="128" b="128" a="128" />
	</command>
	<command type="if" expression="%Office_In_Test_Mode% == 1" showelse="0" commentedout="0" id="15982753307860002" scenariosection="" step="5">
	
		<then commentedout="0" id="15982753307860003" scenariosection="" step="6">
		
			<command type="findbitmap" ocrconfig="0 8 65 32 16 512 128 4 5 50 3 20 15 10 0.85 0 5 15 eng 3 40 300 11 1 1 20 1 " timeout="5000" continueonfail="1" percentlinetolerance="5" colortolerance="0" anchorx="Center" anchory="Center" repaction="Page Down" repwait="1" reptimes="0" sleeptime="1000" useanchor="None" statusvariable="FoundSignIn" commentedout="0" id="15982753307860004" scenariosection="" step="7">
				<searcharea dx="0" dy="0" />
				<excludearea xstart="0" ystart="0" xend="0" yend="0" />
				<coordvars />
				<bitmapname xpos="500" ypos="304" xsize="14" ysize="10">MS_Logo_SignIn_Office.bmp</bitmapname>
			
			</command>
			<command type="if" expression="%FoundSignIn% ==SUCCESS " showelse="0" commentedout="0" id="16730154121490001" scenariosection="" step="8">
			
				<then commentedout="0" id="16730154121490002" scenariosection="" step="9">
				
					<command type="keyboardkey" action="Press" isremote="0" timeout="10000" commentedout="0" id="16730154121490003" scenariosection="" step="10">
						<key key1="Esc" />
						<window />
					
					</command>
				</then>
				<else commentedout="0" id="16730154121490004" scenariosection="" step="11">
				
				</else>
			</command>
		</then>
		<else commentedout="0" id="15982753307860009" scenariosection="" step="12">
		
		</else>
	</command>
	<command type="comment" comment="Start new email" commentedout="0" id="16276484420620039" scenariosection="" step="13">
		<color r="128" g="128" b="128" a="128" />
	</command>
	<command type="findbitmap" stylename="find_image_in_active_window" stringtofind="Close" ocrconfig="0 8 65 32 16 512 128 4 5 50 3 20 15 10 0.85 0 5 15 eng 3 40 300 11 1 1 20 0 " timeout="5000" continueonfail="1" percentlinetolerance="5" colortolerance="0" anchorx="Center" anchory="Center" repaction="Page Down" repwait="1" reptimes="0" sleeptime="1000" useanchor="Window" statusvariable="ExecMyImageStatus" usecurrentwindow="1" commentedout="0" id="15982753305040007" scenariosection="Close" step="14">
		<searcharea dx="0" dy="0" />
		<excludearea xstart="0" ystart="0" xend="0" yend="0" />
		<coordvars />
		<window />
		<bitmapname xpos="676" ypos="545" relative_xpos="675" relative_ypos="544" xsize="56" ysize="13">Close(1).bmp</bitmapname>
	
		<command type="moveclickmouse" useanchor="Parent" mousedrag="0" button="Left" action="Click" commentedout="0" id="15982753305040008" scenariosection="" step="15">
			<coords x="0" y="0" dx="0" dy="0" />
		
		</command>
	</command>
	<command type="findbitmap" stylename="find_image_in_active_window" stringtofind="New Email " imagetype="leftLabel" objectwidth="768" objectheight="513" ocrconfig="0 8 65 32 16 512 128 4 5 50 3 20 15 10 0.85 0 5 15 eng 3 40 300 11 1 1 20 0 " objectindex="0" timeout="15000" continueonfail="" percentlinetolerance="5" colortolerance="0" anchorx="Center" anchory="Center" repaction="Page Down" repwait="1" reptimes="0" sleeptime="1000" useanchor="Window" statusvariable="ExecMyImageStatus" usecurrentwindow="1" commentedout="0" id="16488455703430008" scenariosection="7 New Email " step="16">
		<searcharea dx="0" dy="0" />
		<excludearea xstart="0" ystart="0" xend="0" yend="0" />
		<coordvars />
		<window />
		<bitmapname xpos="10" ypos="94" relative_xpos="9" relative_ypos="93" xsize="119" ysize="31">7 New Email .bmp</bitmapname>
	
		<command type="moveclickmouse" useanchor="Parent" mousedrag="0" button="Left" action="Click" commentedout="0" id="16276484420620010" scenariosection="" step="17">
			<coords x="41" y="87" dx="0" dy="0" />
		
		</command>
	</command>
	<command type="keyboardtypetext" encrypted="" timeout="" advancedfind="" delay="" cleanup="1" commentedout="0" id="16276484420620012" scenariosection="" step="18">
		<text>test@email.com</text>
		<window />
		<key />
	
	</command>
	<command type="keyboardkey" action="Press" isremote="0" timeout="10000" commentedout="0" id="16276484420620013" scenariosection="" step="19">
		<key key1="Enter" key2="Tab" key3="Tab" />
		<window />
	
	</command>
	<command type="keyboardtypetext" encrypted="" timeout="" advancedfind="" delay="" cleanup="1" commentedout="0" id="16276484420620016" scenariosection="" step="20">
		<text>New Email</text>
		<window />
		<key />
	
	</command>
	<command type="keyboardkey" action="Press" isremote="0" timeout="10000" commentedout="0" id="16276484420620017" scenariosection="" step="21">
		<key key1="Tab" />
		<window />
	
	</command>
	<command type="keyboardtypetext" encrypted="" isremote="1" timeout="" advancedfind="" delay="" cleanup="1" commentedout="0" id="16276484420620018" scenariosection="" step="22">
		<text>Article evident arrived express highest men did boy. Mistress sensible entirely am so. Quick can manor smart money hopes worth too. Comfort produce husband boy her had hearing. Law others theirs passed but wishes. You day real less till dear read. Considered use dispatched melancholy sympathize discretion led. Oh feel if up to till like. </text>
		<window />
		<key />
	
	</command>
	<command type="keyboardkey" action="Press" isremote="0" timeout="10000" commentedout="0" id="16276484420620019" scenariosection="" step="23">
		<key key1="Enter" />
		<window />
	
	</command>
	<command type="keyboardtypetext" encrypted="" timeout="" advancedfind="" delay="" cleanup="1" commentedout="0" id="16276484420620020" scenariosection="" step="24">
		<text>At as in understood an remarkably solicitude. Mean them very seen she she. Use totally written the observe pressed justice. Instantly cordially far intention recommend estimable yet her his. Ladies stairs enough esteem add fat all enable. Needed its design number winter see. Oh be me sure wise sons no. Piqued ye of am spirit regret. Stimulated discretion impossible admiration in particular conviction up. </text>
		<window />
		<key />
	
	</command>
	<command type="keyboardkey" action="Press" timeout="10000" commentedout="0" id="16276484420620021" scenariosection="" step="25">
		<key key1="Enter" key2="Enter" />
		<window />
	
	</command>
	<command type="keyboardtypetext" encrypted="" timeout="" advancedfind="" delay="" cleanup="1" commentedout="0" id="16276484420620023" scenariosection="" step="26">
		<text>Thanks,</text>
		<window />
		<key />
	
	</command>
	<command type="keyboardkey" action="Press" timeout="10000" commentedout="0" id="16276484420620025" scenariosection="" step="27">
		<key key1="Enter" key2="Enter" />
		<window />
	
	</command>
	<command type="keyboardtypetext" encrypted="" timeout="" advancedfind="" delay="" cleanup="1" commentedout="0" id="16276484420620026" scenariosection="" step="28">
		<text>Automai Robot</text>
		<window />
		<key />
	
	</command>
	<command type="comment" comment="Save the email" commentedout="0" id="16276484420620038" scenariosection="" step="29">
		<color r="128" g="128" b="128" a="128" />
	</command>
	<command type="keyboardkey" action="Press" isremote="0" timeout="10000" commentedout="0" id="16276484420620035" scenariosection="" stepalias="Save the email" step="30">
		<key key1="Ctrl" key2="s" />
		<window />
	
	</command>
	<command type="keyboardkey" action="Press" isremote="0" timeout="10000" commentedout="0" id="16488455703430006" scenariosection="" stepalias="Close the email" step="31">
		<key key1="Esc" />
		<window />
	
	</command>
	<command type="findbitmap" stylename="find_image_in_active_window" stringtofind="Yes" ocrconfig="0 8 65 32 16 512 128 4 5 50 3 20 15 10 0.85 0 5 15 eng 3 40 300 11 1 1 20 0 " timeout="10000" continueonfail="" percentlinetolerance="5" colortolerance="0" anchorx="Center" anchory="Center" repaction="Page Down" repwait="1" reptimes="0" sleeptime="1000" useanchor="Window" statusvariable="ExecMyImageStatus" usecurrentwindow="1" commentedout="0" id="16488455703430009" scenariosection="MS Outlook - New_Img1" step="32">
		<searcharea dx="0" dy="0" />
		<excludearea xstart="0" ystart="0" xend="0" yend="0" />
		<coordvars />
		<window />
		<bitmapname xpos="411" ypos="400" relative_xpos="410" relative_ypos="399" xsize="40" ysize="24">MS Outlook - New_Img1.bmp</bitmapname>
	
		<command type="moveclickmouse" useanchor="Parent" mousedrag="0" button="Left" action="Click" commentedout="0" id="16488455703430010" scenariosection="" step="33">
			<coords x="0" y="0" dx="0" dy="0" />
		
		</command>
	</command>
	<command type="if" expression="%CloseOutlook_OnEnd% == 1" showelse="0" commentedout="0" id="15982753305040002" scenariosection="" step="34">
	
		<then commentedout="0" id="15982753305040003" scenariosection="" step="35">
		
			<command type="playscenario" stylename="playsnippet" scenariotype="Snippet" filename="Close_App_Name.xml" continueonfail="" statusvariable="App_Closed" commentedout="0" id="15982753305040004" scenariosection="" stepalias="If the MS OUTLOOK is Chrome close it" step="36">
				<variable1 variable="WindowTitle" vartype="String" expression="OUTLOOK"></variable1>
				<variable2 variable="AppName" vartype="String" expression="OUTLOOK"></variable2>
				<variable3 vartype="String"></variable3>
				<variable4 variable="" vartype="Image" xsize="23" ysize="13"></variable4>
				<variable5 variable="DontSaveButton" vartype="Image" xsize="71" ysize="20">Dont Save(1).bmp</variable5>
				<variable6 vartype="Image"></variable6>
				<variable7 vartype="String"></variable7>
				<variable8 vartype="String"></variable8>
				<variable9 vartype="String"></variable9>
				<variable10 vartype="Image"></variable10>
			
			</command>
		</then>
		<else commentedout="0" id="15982753305040005" scenariosection="" step="37">
		
		</else>
	</command>

<Usage><commandcontainer type="scenario" name="Outlook - New Email.xml"><command type="findbitmap"><bitmapname>Outlook - New Email_Img1.bmp</bitmapname><bitmapname>Outlook - New Email_Img1_alt1.bmp</bitmapname><bitmapname>Outlook - New Email_Img1_alt2.bmp</bitmapname></command><command type="findbitmap"><bitmapname>Outlook - New Email_Img2.bmp</bitmapname></command><command type="findbitmap"><bitmapname>Outlook - New Email_Img3.bmp</bitmapname></command><command type="findbitmap"><bitmapname>Outlook - New Email_Img4.bmp</bitmapname><bitmapname>Outlook - New Email_Img4_alt1.bmp</bitmapname></command><command type="findbitmap"><bitmapname>Outlook - New Email_Img5.bmp</bitmapname><bitmapname>Outlook - New Email_Img5_alt1.bmp</bitmapname></command></commandcontainer></Usage></commandcontainer>